INSERT INTO schoolSH.students(STUDENT_ID, GROUP_ID, FIRST_NAME, LAST_NAME) VALUES (1, 1, 'Liam', 'Smith');
INSERT INTO schoolSH.students(STUDENT_ID, GROUP_ID, FIRST_NAME, LAST_NAME) VALUES (2, 1, 'Noah', 'Johnson');
INSERT INTO schoolSH.students(STUDENT_ID, GROUP_ID, FIRST_NAME, LAST_NAME) VALUES (3, 1, 'Oliver', 'Williams');
INSERT INTO schoolSH.students(STUDENT_ID, GROUP_ID, FIRST_NAME, LAST_NAME) VALUES (4, 1, 'Elijah', 'Brown');
INSERT INTO schoolSH.students(STUDENT_ID, GROUP_ID, FIRST_NAME, LAST_NAME) VALUES (5, 1, 'James', 'Jones');
INSERT INTO schoolSH.students(STUDENT_ID, GROUP_ID, FIRST_NAME, LAST_NAME) VALUES (6, 1, 'William', 'Garcia');
INSERT INTO schoolSH.students(STUDENT_ID, GROUP_ID, FIRST_NAME, LAST_NAME) VALUES (7, 1, 'Benjamin', 'Miller');
INSERT INTO schoolSH.students(STUDENT_ID, GROUP_ID, FIRST_NAME, LAST_NAME) VALUES (8, 1, 'Lucas', 'Davis');
INSERT INTO schoolSH.students(STUDENT_ID, GROUP_ID, FIRST_NAME, LAST_NAME) VALUES (9, 1, 'Henry', 'Rodriguez');
INSERT INTO schoolSH.students(STUDENT_ID, GROUP_ID, FIRST_NAME, LAST_NAME) VALUES (10, 1, 'Theodore', 'Martinez');
INSERT INTO schoolSH.students(STUDENT_ID, GROUP_ID, FIRST_NAME, LAST_NAME) VALUES (11, 1, 'Jack', 'Hernandez');
INSERT INTO schoolSH.students(STUDENT_ID, GROUP_ID, FIRST_NAME, LAST_NAME) VALUES (12, 1, 'Levi', 'Lopez');
INSERT INTO schoolSH.students(STUDENT_ID, GROUP_ID, FIRST_NAME, LAST_NAME) VALUES (13, 1, 'Alexander', 'Gonzalez');
INSERT INTO schoolSH.students(STUDENT_ID, GROUP_ID, FIRST_NAME, LAST_NAME) VALUES (14, 1, 'Jackson', 'Wilson');
INSERT INTO schoolSH.students(STUDENT_ID, GROUP_ID, FIRST_NAME, LAST_NAME) VALUES (15, 1, 'Mateo', 'Anderson');

INSERT INTO schoolSH.students(STUDENT_ID, GROUP_ID, FIRST_NAME, LAST_NAME) VALUES (16, 2, 'Daniel', 'Thomas');
INSERT INTO schoolSH.students(STUDENT_ID, GROUP_ID, FIRST_NAME, LAST_NAME) VALUES (17, 2, 'Michael', 'Taylor');
INSERT INTO schoolSH.students(STUDENT_ID, GROUP_ID, FIRST_NAME, LAST_NAME) VALUES (18, 2, 'Mason', 'Moore');
INSERT INTO schoolSH.students(STUDENT_ID, GROUP_ID, FIRST_NAME, LAST_NAME) VALUES (19, 2, 'Sebastian', 'Jackson');
INSERT INTO schoolSH.students(STUDENT_ID, GROUP_ID, FIRST_NAME, LAST_NAME) VALUES (20, 2, 'Ethan', 'Martin');
INSERT INTO schoolSH.students(STUDENT_ID, GROUP_ID, FIRST_NAME, LAST_NAME) VALUES (21, 2, 'Logan', 'Lee');
INSERT INTO schoolSH.students(STUDENT_ID, GROUP_ID, FIRST_NAME, LAST_NAME) VALUES (22, 2, 'Owen', 'Perez');
INSERT INTO schoolSH.students(STUDENT_ID, GROUP_ID, FIRST_NAME, LAST_NAME) VALUES (23, 2, 'Samuel', 'Thompson');
INSERT INTO schoolSH.students(STUDENT_ID, GROUP_ID, FIRST_NAME, LAST_NAME) VALUES (24, 2, 'Jacob', 'White');
INSERT INTO schoolSH.students(STUDENT_ID, GROUP_ID, FIRST_NAME, LAST_NAME) VALUES (25, 2, 'Asher', 'Harris');
INSERT INTO schoolSH.students(STUDENT_ID, GROUP_ID, FIRST_NAME, LAST_NAME) VALUES (26, 2, 'Aiden', 'Sanchez');
INSERT INTO schoolSH.students(STUDENT_ID, GROUP_ID, FIRST_NAME, LAST_NAME) VALUES (27, 2, 'John', 'Clark');
INSERT INTO schoolSH.students(STUDENT_ID, GROUP_ID, FIRST_NAME, LAST_NAME) VALUES (28, 2, 'Joseph', 'Ramirez');
INSERT INTO schoolSH.students(STUDENT_ID, GROUP_ID, FIRST_NAME, LAST_NAME) VALUES (29, 2, 'Wyatt', 'Lewis');
INSERT INTO schoolSH.students(STUDENT_ID, GROUP_ID, FIRST_NAME, LAST_NAME) VALUES (30, 2, 'David', 'Robinson');
INSERT INTO schoolSH.students(STUDENT_ID, GROUP_ID, FIRST_NAME, LAST_NAME) VALUES (31, 2, 'Olivia', 'Walker');
INSERT INTO schoolSH.students(STUDENT_ID, GROUP_ID, FIRST_NAME, LAST_NAME) VALUES (32, 2, 'Emma', 'Young');
INSERT INTO schoolSH.students(STUDENT_ID, GROUP_ID, FIRST_NAME, LAST_NAME) VALUES (33, 2, 'Charlotte', 'Allen');
INSERT INTO schoolSH.students(STUDENT_ID, GROUP_ID, FIRST_NAME, LAST_NAME) VALUES (34, 2, 'Amelia', 'King');
INSERT INTO schoolSH.students(STUDENT_ID, GROUP_ID, FIRST_NAME, LAST_NAME) VALUES (35, 2, 'Ava', 'Wright');
INSERT INTO schoolSH.students(STUDENT_ID, GROUP_ID, FIRST_NAME, LAST_NAME) VALUES (36, 2, 'Sophia', 'Scott');
INSERT INTO schoolSH.students(STUDENT_ID, GROUP_ID, FIRST_NAME, LAST_NAME) VALUES (37, 2, 'Isabella', 'Torres,');
INSERT INTO schoolSH.students(STUDENT_ID, GROUP_ID, FIRST_NAME, LAST_NAME) VALUES (38, 2, 'Mia', 'Nguyen');
INSERT INTO schoolSH.students(STUDENT_ID, GROUP_ID, FIRST_NAME, LAST_NAME) VALUES (39, 2, 'Evelyn', 'Hill');
INSERT INTO schoolSH.students(STUDENT_ID, GROUP_ID, FIRST_NAME, LAST_NAME) VALUES (40, 2, 'Harper', 'Flores');
INSERT INTO schoolSH.students(STUDENT_ID, GROUP_ID, FIRST_NAME, LAST_NAME) VALUES (41, 2, 'Luna', 'Green');
INSERT INTO schoolSH.students(STUDENT_ID, GROUP_ID, FIRST_NAME, LAST_NAME) VALUES (42, 2, 'Camila', 'Adams');
INSERT INTO schoolSH.students(STUDENT_ID, GROUP_ID, FIRST_NAME, LAST_NAME) VALUES (43, 2, 'Gianna', 'Nelson');

INSERT INTO schoolSH.students(STUDENT_ID, GROUP_ID, FIRST_NAME, LAST_NAME) VALUES (44, 3, 'Elizabeth', 'Baker');
INSERT INTO schoolSH.students(STUDENT_ID, GROUP_ID, FIRST_NAME, LAST_NAME) VALUES (45, 3, 'Eleanor', 'Hall');
INSERT INTO schoolSH.students(STUDENT_ID, GROUP_ID, FIRST_NAME, LAST_NAME) VALUES (46, 3, 'Ella', 'Rivera');
INSERT INTO schoolSH.students(STUDENT_ID, GROUP_ID, FIRST_NAME, LAST_NAME) VALUES (47, 3, 'Abigail', 'Campbell');
INSERT INTO schoolSH.students(STUDENT_ID, GROUP_ID, FIRST_NAME, LAST_NAME) VALUES (48, 3, 'Sofia', 'Mitchell');
INSERT INTO schoolSH.students(STUDENT_ID, GROUP_ID, FIRST_NAME, LAST_NAME) VALUES (49, 3, 'Avery', 'Carter');
INSERT INTO schoolSH.students(STUDENT_ID, GROUP_ID, FIRST_NAME, LAST_NAME) VALUES (50, 3, 'Scarlett', 'Roberts');
INSERT INTO schoolSH.students(STUDENT_ID, GROUP_ID, FIRST_NAME, LAST_NAME) VALUES (51, 3, 'Emily', 'Gomez');
INSERT INTO schoolSH.students(STUDENT_ID, GROUP_ID, FIRST_NAME, LAST_NAME) VALUES (52, 3, 'Aria', 'Phillips');
INSERT INTO schoolSH.students(STUDENT_ID, GROUP_ID, FIRST_NAME, LAST_NAME) VALUES (53, 3, 'Penelope', 'Evans');
INSERT INTO schoolSH.students(STUDENT_ID, GROUP_ID, FIRST_NAME, LAST_NAME) VALUES (54, 3, 'Chloe', 'Turner');
INSERT INTO schoolSH.students(STUDENT_ID, GROUP_ID, FIRST_NAME, LAST_NAME) VALUES (55, 3, 'Layla', 'Diaz');
INSERT INTO schoolSH.students(STUDENT_ID, GROUP_ID, FIRST_NAME, LAST_NAME) VALUES (56, 3, 'Mila', 'Parker');
INSERT INTO schoolSH.students(STUDENT_ID, GROUP_ID, FIRST_NAME, LAST_NAME) VALUES (57, 3, 'Nora', 'Cruz');
INSERT INTO schoolSH.students(STUDENT_ID, GROUP_ID, FIRST_NAME, LAST_NAME) VALUES (58, 3, 'Hazel', 'Edwards');
INSERT INTO schoolSH.students(STUDENT_ID, GROUP_ID, FIRST_NAME, LAST_NAME) VALUES (59, 3, 'Madison', 'Collins');
INSERT INTO schoolSH.students(STUDENT_ID, GROUP_ID, FIRST_NAME, LAST_NAME) VALUES (60, 3, 'Ellie', 'Collins');

INSERT INTO schoolSH.students(STUDENT_ID, GROUP_ID, FIRST_NAME, LAST_NAME) VALUES (61, 4, 'Leo', 'Stewart');
INSERT INTO schoolSH.students(STUDENT_ID, GROUP_ID, FIRST_NAME, LAST_NAME) VALUES (62, 4, 'Luke', 'Morris');
INSERT INTO schoolSH.students(STUDENT_ID, GROUP_ID, FIRST_NAME, LAST_NAME) VALUES (63, 4, 'Julian', 'Morales');
INSERT INTO schoolSH.students(STUDENT_ID, GROUP_ID, FIRST_NAME, LAST_NAME) VALUES (64, 4, 'Hudson', 'Murphy');
INSERT INTO schoolSH.students(STUDENT_ID, GROUP_ID, FIRST_NAME, LAST_NAME) VALUES (65, 4, 'Grayson', 'Cook');
INSERT INTO schoolSH.students(STUDENT_ID, GROUP_ID, FIRST_NAME, LAST_NAME) VALUES (66, 4, 'Matthew', 'Rogers');
INSERT INTO schoolSH.students(STUDENT_ID, GROUP_ID, FIRST_NAME, LAST_NAME) VALUES (67, 4, 'Ezra', 'Gutierrez');
INSERT INTO schoolSH.students(STUDENT_ID, GROUP_ID, FIRST_NAME, LAST_NAME) VALUES (68, 4, 'Gabriel', 'Ortiz');
INSERT INTO schoolSH.students(STUDENT_ID, GROUP_ID, FIRST_NAME, LAST_NAME) VALUES (69, 4, 'Carter', 'Morgan');
INSERT INTO schoolSH.students(STUDENT_ID, GROUP_ID, FIRST_NAME, LAST_NAME) VALUES (70, 4, 'Isaac', 'Cooper');
INSERT INTO schoolSH.students(STUDENT_ID, GROUP_ID, FIRST_NAME, LAST_NAME) VALUES (71, 4, 'Jayden', 'Peterson');
INSERT INTO schoolSH.students(STUDENT_ID, GROUP_ID, FIRST_NAME, LAST_NAME) VALUES (72, 4, 'Luca', 'Bailey');
INSERT INTO schoolSH.students(STUDENT_ID, GROUP_ID, FIRST_NAME, LAST_NAME) VALUES (73, 4, 'Anthony', 'Reed');
INSERT INTO schoolSH.students(STUDENT_ID, GROUP_ID, FIRST_NAME, LAST_NAME) VALUES (74, 4, 'Dylan', 'Kelly');
INSERT INTO schoolSH.students(STUDENT_ID, GROUP_ID, FIRST_NAME, LAST_NAME) VALUES (75, 4, 'Lincoln', 'Howard');
INSERT INTO schoolSH.students(STUDENT_ID, GROUP_ID, FIRST_NAME, LAST_NAME) VALUES (76, 4, 'Thomas', 'Ramos');
INSERT INTO schoolSH.students(STUDENT_ID, GROUP_ID, FIRST_NAME, LAST_NAME) VALUES (77, 4, 'Maverick', 'Kim');
INSERT INTO schoolSH.students(STUDENT_ID, GROUP_ID, FIRST_NAME, LAST_NAME) VALUES (78, 4, 'Elias', 'Cox');
INSERT INTO schoolSH.students(STUDENT_ID, GROUP_ID, FIRST_NAME, LAST_NAME) VALUES (79, 4, 'Josiah', 'Ward');
INSERT INTO schoolSH.students(STUDENT_ID, GROUP_ID, FIRST_NAME, LAST_NAME) VALUES (80, 4, 'Charles', 'Richardson');
INSERT INTO schoolSH.students(STUDENT_ID, GROUP_ID, FIRST_NAME, LAST_NAME) VALUES (81, 4, 'Caleb', 'Watson');
INSERT INTO schoolSH.students(STUDENT_ID, GROUP_ID, FIRST_NAME, LAST_NAME) VALUES (82, 4, 'Christopher', 'Brooks');
INSERT INTO schoolSH.students(STUDENT_ID, GROUP_ID, FIRST_NAME, LAST_NAME) VALUES (83, 4, 'Ezekiel', 'Chavez');

INSERT INTO schoolSH.students(STUDENT_ID, GROUP_ID, FIRST_NAME, LAST_NAME) VALUES (84, 5, 'Miles', 'Wood');
INSERT INTO schoolSH.students(STUDENT_ID, GROUP_ID, FIRST_NAME, LAST_NAME) VALUES (85, 5, 'Jaxon', 'James');
INSERT INTO schoolSH.students(STUDENT_ID, GROUP_ID, FIRST_NAME, LAST_NAME) VALUES (86, 5, 'Isaiah', 'Bennett');
INSERT INTO schoolSH.students(STUDENT_ID, GROUP_ID, FIRST_NAME, LAST_NAME) VALUES (87, 5, 'Andrew', 'Gray');
INSERT INTO schoolSH.students(STUDENT_ID, GROUP_ID, FIRST_NAME, LAST_NAME) VALUES (88, 5, 'Joshua', 'Mendoza');
INSERT INTO schoolSH.students(STUDENT_ID, GROUP_ID, FIRST_NAME, LAST_NAME) VALUES (89, 5, 'Nathan', 'Ruiz');
INSERT INTO schoolSH.students(STUDENT_ID, GROUP_ID, FIRST_NAME, LAST_NAME) VALUES (90, 5, 'Nolan', 'Hughes');
INSERT INTO schoolSH.students(STUDENT_ID, GROUP_ID, FIRST_NAME, LAST_NAME) VALUES (91, 5, 'Lily', 'Price');
INSERT INTO schoolSH.students(STUDENT_ID, GROUP_ID, FIRST_NAME, LAST_NAME) VALUES (92, 5, 'Nova', 'Alvarez');
INSERT INTO schoolSH.students(STUDENT_ID, GROUP_ID, FIRST_NAME, LAST_NAME) VALUES (93, 5, 'Isla', 'Castillo');
INSERT INTO schoolSH.students(STUDENT_ID, GROUP_ID, FIRST_NAME, LAST_NAME) VALUES (94, 5, 'Grace', 'Sanders');
INSERT INTO schoolSH.students(STUDENT_ID, GROUP_ID, FIRST_NAME, LAST_NAME) VALUES (95, 5, 'Violet', 'Patel');
INSERT INTO schoolSH.students(STUDENT_ID, GROUP_ID, FIRST_NAME, LAST_NAME) VALUES (96, 5, 'Aurora', 'Myers');
INSERT INTO schoolSH.students(STUDENT_ID, GROUP_ID, FIRST_NAME, LAST_NAME) VALUES (97, 5, 'Riley', 'Long');
INSERT INTO schoolSH.students(STUDENT_ID, GROUP_ID, FIRST_NAME, LAST_NAME) VALUES (98, 5, 'Zoey', 'Ross');
INSERT INTO schoolSH.students(STUDENT_ID, GROUP_ID, FIRST_NAME, LAST_NAME) VALUES (99, 5, 'Willow', 'Foster');
INSERT INTO schoolSH.students(STUDENT_ID, GROUP_ID, FIRST_NAME, LAST_NAME) VALUES (100, 5, 'Emilia', 'Jimenez');
INSERT INTO schoolSH.students(STUDENT_ID, GROUP_ID, FIRST_NAME, LAST_NAME) VALUES (101, 5, 'Stella', 'Powell');
INSERT INTO schoolSH.students(STUDENT_ID, GROUP_ID, FIRST_NAME, LAST_NAME) VALUES (102, 5, 'Zoe', 'Jenkins');
INSERT INTO schoolSH.students(STUDENT_ID, GROUP_ID, FIRST_NAME, LAST_NAME) VALUES (103, 5, 'Victoria', 'Perry');
INSERT INTO schoolSH.students(STUDENT_ID, GROUP_ID, FIRST_NAME, LAST_NAME) VALUES (104, 5, 'Hannah', 'Russell');
INSERT INTO schoolSH.students(STUDENT_ID, GROUP_ID, FIRST_NAME, LAST_NAME) VALUES (105, 5, 'Addison', 'Sullivan');

INSERT INTO schoolSH.students(STUDENT_ID, GROUP_ID, FIRST_NAME, LAST_NAME) VALUES (106, 6, 'Leah', 'Bell');
INSERT INTO schoolSH.students(STUDENT_ID, GROUP_ID, FIRST_NAME, LAST_NAME) VALUES (107, 6, 'Lucy', 'Coleman');
INSERT INTO schoolSH.students(STUDENT_ID, GROUP_ID, FIRST_NAME, LAST_NAME) VALUES (108, 6, 'Eliana', 'Butler');
INSERT INTO schoolSH.students(STUDENT_ID, GROUP_ID, FIRST_NAME, LAST_NAME) VALUES (109, 6, 'Ivy', 'Henderson');
INSERT INTO schoolSH.students(STUDENT_ID, GROUP_ID, FIRST_NAME, LAST_NAME) VALUES (110, 6, 'Everly', 'Barnes');
INSERT INTO schoolSH.students(STUDENT_ID, GROUP_ID, FIRST_NAME, LAST_NAME) VALUES (111, 6, 'Lillian', 'Gonzales');
INSERT INTO schoolSH.students(STUDENT_ID, GROUP_ID, FIRST_NAME, LAST_NAME) VALUES (112, 6, 'Paisley', 'Fisher');
INSERT INTO schoolSH.students(STUDENT_ID, GROUP_ID, FIRST_NAME, LAST_NAME) VALUES (113, 6, 'Elena', 'Vasquez');
INSERT INTO schoolSH.students(STUDENT_ID, GROUP_ID, FIRST_NAME, LAST_NAME) VALUES (114, 6, 'Naomi', 'Simmons');
INSERT INTO schoolSH.students(STUDENT_ID, GROUP_ID, FIRST_NAME, LAST_NAME) VALUES (115, 6, 'Maya', 'Romero');
INSERT INTO schoolSH.students(STUDENT_ID, GROUP_ID, FIRST_NAME, LAST_NAME) VALUES (116, 6, 'Natalie', 'Jordan');
INSERT INTO schoolSH.students(STUDENT_ID, GROUP_ID, FIRST_NAME, LAST_NAME) VALUES (117, 6, 'Kinsley', 'Patterson');
INSERT INTO schoolSH.students(STUDENT_ID, GROUP_ID, FIRST_NAME, LAST_NAME) VALUES (118, 6, 'Delilah', 'Alexander');
INSERT INTO schoolSH.students(STUDENT_ID, GROUP_ID, FIRST_NAME, LAST_NAME) VALUES (119, 6, 'Claire', 'Hamilton');
INSERT INTO schoolSH.students(STUDENT_ID, GROUP_ID, FIRST_NAME, LAST_NAME) VALUES (120, 6, 'Audrey', 'Graham');

INSERT INTO schoolSH.students(STUDENT_ID, GROUP_ID, FIRST_NAME, LAST_NAME) VALUES (121, 7, 'Adrian', 'Reynolds');
INSERT INTO schoolSH.students(STUDENT_ID, GROUP_ID, FIRST_NAME, LAST_NAME) VALUES (122, 7, 'Cameron', 'Griffin');
INSERT INTO schoolSH.students(STUDENT_ID, GROUP_ID, FIRST_NAME, LAST_NAME) VALUES (123, 7, 'Santiago', 'Wallace');
INSERT INTO schoolSH.students(STUDENT_ID, GROUP_ID, FIRST_NAME, LAST_NAME) VALUES (124, 7, 'Eli', 'Moreno');
INSERT INTO schoolSH.students(STUDENT_ID, GROUP_ID, FIRST_NAME, LAST_NAME) VALUES (125, 7, 'Aaron', 'West');
INSERT INTO schoolSH.students(STUDENT_ID, GROUP_ID, FIRST_NAME, LAST_NAME) VALUES (126, 7, 'Ryan', 'Cole');
INSERT INTO schoolSH.students(STUDENT_ID, GROUP_ID, FIRST_NAME, LAST_NAME) VALUES (127, 7, 'Angel', 'Hayes');
INSERT INTO schoolSH.students(STUDENT_ID, GROUP_ID, FIRST_NAME, LAST_NAME) VALUES (128, 7, 'Cooper', 'Bryant');
INSERT INTO schoolSH.students(STUDENT_ID, GROUP_ID, FIRST_NAME, LAST_NAME) VALUES (129, 7, 'Waylon', 'Herrera');
INSERT INTO schoolSH.students(STUDENT_ID, GROUP_ID, FIRST_NAME, LAST_NAME) VALUES (130, 7, 'Easton', 'Gibson');
INSERT INTO schoolSH.students(STUDENT_ID, GROUP_ID, FIRST_NAME, LAST_NAME) VALUES (131, 7, 'Kai', 'Ellis');
INSERT INTO schoolSH.students(STUDENT_ID, GROUP_ID, FIRST_NAME, LAST_NAME) VALUES (132, 7, 'Christian', 'Tran');
INSERT INTO schoolSH.students(STUDENT_ID, GROUP_ID, FIRST_NAME, LAST_NAME) VALUES (133, 7, 'Landon', 'Medina');
INSERT INTO schoolSH.students(STUDENT_ID, GROUP_ID, FIRST_NAME, LAST_NAME) VALUES (134, 7, 'Colton', 'Aguilar');
INSERT INTO schoolSH.students(STUDENT_ID, GROUP_ID, FIRST_NAME, LAST_NAME) VALUES (135, 7, 'Roman', 'Stevens');
INSERT INTO schoolSH.students(STUDENT_ID, GROUP_ID, FIRST_NAME, LAST_NAME) VALUES (136, 7, 'Axel', 'Murray');
INSERT INTO schoolSH.students(STUDENT_ID, GROUP_ID, FIRST_NAME, LAST_NAME) VALUES (137, 7, 'Brooks', 'Ford');
INSERT INTO schoolSH.students(STUDENT_ID, GROUP_ID, FIRST_NAME, LAST_NAME) VALUES (138, 7, 'Jonathan', 'Castro');
INSERT INTO schoolSH.students(STUDENT_ID, GROUP_ID, FIRST_NAME, LAST_NAME) VALUES (139, 7, 'Robert', 'Marshall');

INSERT INTO schoolSH.students(STUDENT_ID, GROUP_ID, FIRST_NAME, LAST_NAME) VALUES (140, 8, 'Jameson', 'Owens');
INSERT INTO schoolSH.students(STUDENT_ID, GROUP_ID, FIRST_NAME, LAST_NAME) VALUES (141, 8, 'Ian', 'Harrison');
INSERT INTO schoolSH.students(STUDENT_ID, GROUP_ID, FIRST_NAME, LAST_NAME) VALUES (142, 8, 'Everett', 'Fernandez');
INSERT INTO schoolSH.students(STUDENT_ID, GROUP_ID, FIRST_NAME, LAST_NAME) VALUES (143, 8, 'Greyson', 'Mcdonald');
INSERT INTO schoolSH.students(STUDENT_ID, GROUP_ID, FIRST_NAME, LAST_NAME) VALUES (144, 8, 'Wesley', 'Woods');
INSERT INTO schoolSH.students(STUDENT_ID, GROUP_ID, FIRST_NAME, LAST_NAME) VALUES (145, 8, 'Jeremiah', 'Washington');
INSERT INTO schoolSH.students(STUDENT_ID, GROUP_ID, FIRST_NAME, LAST_NAME) VALUES (146, 8, 'Hunter', 'Kennedy');
INSERT INTO schoolSH.students(STUDENT_ID, GROUP_ID, FIRST_NAME, LAST_NAME) VALUES (147, 8, 'Leonardo', 'Wells');
INSERT INTO schoolSH.students(STUDENT_ID, GROUP_ID, FIRST_NAME, LAST_NAME) VALUES (148, 8, 'Jordan', 'Vargas');
INSERT INTO schoolSH.students(STUDENT_ID, GROUP_ID, FIRST_NAME, LAST_NAME) VALUES (149, 8, 'Jose', 'Henry');
INSERT INTO schoolSH.students(STUDENT_ID, GROUP_ID, FIRST_NAME, LAST_NAME) VALUES (150, 8, 'Bennett', 'Chen');
INSERT INTO schoolSH.students(STUDENT_ID, GROUP_ID, FIRST_NAME, LAST_NAME) VALUES (151, 8, 'Aaliyah', 'Freeman');
INSERT INTO schoolSH.students(STUDENT_ID, GROUP_ID, FIRST_NAME, LAST_NAME) VALUES (152, 8, 'Ruby', 'Webb');
INSERT INTO schoolSH.students(STUDENT_ID, GROUP_ID, FIRST_NAME, LAST_NAME) VALUES (153, 8, 'Brooklyn', 'Tucker');
INSERT INTO schoolSH.students(STUDENT_ID, GROUP_ID, FIRST_NAME, LAST_NAME) VALUES (154, 8, 'Alice', 'Guzman');
INSERT INTO schoolSH.students(STUDENT_ID, GROUP_ID, FIRST_NAME, LAST_NAME) VALUES (155, 8, 'Aubrey', 'Burns');
INSERT INTO schoolSH.students(STUDENT_ID, GROUP_ID, FIRST_NAME, LAST_NAME) VALUES (156, 8, 'Autumn', 'Crawford');
INSERT INTO schoolSH.students(STUDENT_ID, GROUP_ID, FIRST_NAME, LAST_NAME) VALUES (157, 8, 'Leilani', 'Olson');
INSERT INTO schoolSH.students(STUDENT_ID, GROUP_ID, FIRST_NAME, LAST_NAME) VALUES (158, 8, 'Savannah', 'Simpson');
INSERT INTO schoolSH.students(STUDENT_ID, GROUP_ID, FIRST_NAME, LAST_NAME) VALUES (159, 8, 'Valentina', 'Porter');
INSERT INTO schoolSH.students(STUDENT_ID, GROUP_ID, FIRST_NAME, LAST_NAME) VALUES (160, 8, 'Kennedy', 'Hunter');

INSERT INTO schoolSH.students(STUDENT_ID, GROUP_ID, FIRST_NAME, LAST_NAME) VALUES (161, 9, 'Madelyn', 'Gordon');
INSERT INTO schoolSH.students(STUDENT_ID, GROUP_ID, FIRST_NAME, LAST_NAME) VALUES (162, 9, 'Josephine', 'Mendez');
INSERT INTO schoolSH.students(STUDENT_ID, GROUP_ID, FIRST_NAME, LAST_NAME) VALUES (163, 9, 'Bella', 'Silva');
INSERT INTO schoolSH.students(STUDENT_ID, GROUP_ID, FIRST_NAME, LAST_NAME) VALUES (164, 9, 'Skylar', 'Shaw');
INSERT INTO schoolSH.students(STUDENT_ID, GROUP_ID, FIRST_NAME, LAST_NAME) VALUES (165, 9, 'Genesis', 'Snyder');
INSERT INTO schoolSH.students(STUDENT_ID, GROUP_ID, FIRST_NAME, LAST_NAME) VALUES (166, 9, 'Sophie', 'Mason');
INSERT INTO schoolSH.students(STUDENT_ID, GROUP_ID, FIRST_NAME, LAST_NAME) VALUES (167, 9, 'Hailey', 'Dixon');
INSERT INTO schoolSH.students(STUDENT_ID, GROUP_ID, FIRST_NAME, LAST_NAME) VALUES (168, 9, 'Sadie', 'Munoz');
INSERT INTO schoolSH.students(STUDENT_ID, GROUP_ID, FIRST_NAME, LAST_NAME) VALUES (169, 9, 'Natalia', 'Hunt');
INSERT INTO schoolSH.students(STUDENT_ID, GROUP_ID, FIRST_NAME, LAST_NAME) VALUES (170, 9, 'Quinn', 'Hicks');
INSERT INTO schoolSH.students(STUDENT_ID, GROUP_ID, FIRST_NAME, LAST_NAME) VALUES (171, 9, 'Caroline', 'Holmes');
INSERT INTO schoolSH.students(STUDENT_ID, GROUP_ID, FIRST_NAME, LAST_NAME) VALUES (172, 9, 'Allison', 'Palmer');
INSERT INTO schoolSH.students(STUDENT_ID, GROUP_ID, FIRST_NAME, LAST_NAME) VALUES (173, 9, 'Gabriella', 'Wagner');
INSERT INTO schoolSH.students(STUDENT_ID, GROUP_ID, FIRST_NAME, LAST_NAME) VALUES (174, 9, 'Anna', 'Black');
INSERT INTO schoolSH.students(STUDENT_ID, GROUP_ID, FIRST_NAME, LAST_NAME) VALUES (175, 9, 'Serenity', 'Robertson');
INSERT INTO schoolSH.students(STUDENT_ID, GROUP_ID, FIRST_NAME, LAST_NAME) VALUES (176, 9, 'Nevaeh', 'Boyd');
INSERT INTO schoolSH.students(STUDENT_ID, GROUP_ID, FIRST_NAME, LAST_NAME) VALUES (177, 9, 'Cora', 'Rose');
INSERT INTO schoolSH.students(STUDENT_ID, GROUP_ID, FIRST_NAME, LAST_NAME) VALUES (178, 9, 'Ariana', 'Stone');

INSERT INTO schoolSH.students(STUDENT_ID, GROUP_ID, FIRST_NAME, LAST_NAME) VALUES (179, 10, 'Emery', 'Salazar');
INSERT INTO schoolSH.students(STUDENT_ID, GROUP_ID, FIRST_NAME, LAST_NAME) VALUES (180, 10, 'Lydia', 'Fox');
INSERT INTO schoolSH.students(STUDENT_ID, GROUP_ID, FIRST_NAME, LAST_NAME) VALUES (181, 10, 'Silas', 'Warren');
INSERT INTO schoolSH.students(STUDENT_ID, GROUP_ID, FIRST_NAME, LAST_NAME) VALUES (182, 10, 'Nicholas', 'Mills');
INSERT INTO schoolSH.students(STUDENT_ID, GROUP_ID, FIRST_NAME, LAST_NAME) VALUES (183, 10, 'Parker', 'Meyer');
INSERT INTO schoolSH.students(STUDENT_ID, GROUP_ID, FIRST_NAME, LAST_NAME) VALUES (184, 10, 'Beau', 'Rice');
INSERT INTO schoolSH.students(STUDENT_ID, GROUP_ID, FIRST_NAME, LAST_NAME) VALUES (185, 10, 'Weston', 'Schmidt');
INSERT INTO schoolSH.students(STUDENT_ID, GROUP_ID, FIRST_NAME, LAST_NAME) VALUES (186, 10, 'Austin', 'Garza');
INSERT INTO schoolSH.students(STUDENT_ID, GROUP_ID, FIRST_NAME, LAST_NAME) VALUES (187, 10, 'Connor', 'Daniels');
INSERT INTO schoolSH.students(STUDENT_ID, GROUP_ID, FIRST_NAME, LAST_NAME) VALUES (188, 10, 'Carson', 'Ferguson');
INSERT INTO schoolSH.students(STUDENT_ID, GROUP_ID, FIRST_NAME, LAST_NAME) VALUES (189, 10, 'Dominic', 'Nichols');
INSERT INTO schoolSH.students(STUDENT_ID, GROUP_ID, FIRST_NAME, LAST_NAME) VALUES (190, 10, 'Xavier', 'Stephens');
INSERT INTO schoolSH.students(STUDENT_ID, GROUP_ID, FIRST_NAME, LAST_NAME) VALUES (191, 10, 'Jaxson', 'Soto');
INSERT INTO schoolSH.students(STUDENT_ID, GROUP_ID, FIRST_NAME, LAST_NAME) VALUES (192, 10, 'Jace', 'Weaver');
INSERT INTO schoolSH.students(STUDENT_ID, GROUP_ID, FIRST_NAME, LAST_NAME) VALUES (193, 10, 'Emmett', 'Ryan');
INSERT INTO schoolSH.students(STUDENT_ID, GROUP_ID, FIRST_NAME, LAST_NAME) VALUES (194, 10, 'Adam', 'Gardner');
INSERT INTO schoolSH.students(STUDENT_ID, GROUP_ID, FIRST_NAME, LAST_NAME) VALUES (195, 10, 'Declan', 'Payne');
INSERT INTO schoolSH.students(STUDENT_ID, GROUP_ID, FIRST_NAME, LAST_NAME) VALUES (196, 10, 'Rowan', 'Grant');
INSERT INTO schoolSH.students(STUDENT_ID, GROUP_ID, FIRST_NAME, LAST_NAME) VALUES (197, 10, 'Micah', 'Dunn');
INSERT INTO schoolSH.students(STUDENT_ID, GROUP_ID, FIRST_NAME, LAST_NAME) VALUES (198, 10, 'Kayden', 'Kelley');
INSERT INTO schoolSH.students(STUDENT_ID, GROUP_ID, FIRST_NAME, LAST_NAME) VALUES (199, 10, 'Gael', 'Spencer');
INSERT INTO schoolSH.students(STUDENT_ID, GROUP_ID, FIRST_NAME, LAST_NAME) VALUES (200, 10, 'River', 'Hawkins');

INSERT INTO schoolSH.groups(GROUP_ID, GROUP_NAME) VALUES (1, 'QA-10');
INSERT INTO schoolSH.groups(GROUP_ID, GROUP_NAME) VALUES (2, 'QB-12');
INSERT INTO schoolSH.groups(GROUP_ID, GROUP_NAME) VALUES (3, 'QC-13');
INSERT INTO schoolSH.groups(GROUP_ID, GROUP_NAME) VALUES (4, 'QD-14');
INSERT INTO schoolSH.groups(GROUP_ID, GROUP_NAME) VALUES (5, 'QE-15');
INSERT INTO schoolSH.groups(GROUP_ID, GROUP_NAME) VALUES (6, 'QF-16');
INSERT INTO schoolSH.groups(GROUP_ID, GROUP_NAME) VALUES (7, 'QJ-17');
INSERT INTO schoolSH.groups(GROUP_ID, GROUP_NAME) VALUES (8, 'QH-18');
INSERT INTO schoolSH.groups(GROUP_ID, GROUP_NAME) VALUES (9, 'QI-19');
INSERT INTO schoolSH.groups(GROUP_ID, GROUP_NAME) VALUES (10, 'QJ-20');


INSERT INTO schoolSH.courses(COURSES_ID, COURSES_NAME, COURSES_DESCRIPTION) VALUES (101, 'Chemistry', 'the branch of science that deals with the properties, composition, and structure of elements and compounds');
INSERT INTO schoolSH.courses(COURSES_ID, COURSES_NAME, COURSES_DESCRIPTION) VALUES (102, 'Biology', 'is the scientific study of life');
INSERT INTO schoolSH.courses(COURSES_ID, COURSES_NAME, COURSES_DESCRIPTION) VALUES (103, 'Physics', 'is the natural science that studies matter, its fundamental constituents, its motion and behavior through space and time, and the related entities of energy and force');
INSERT INTO schoolSH.courses(COURSES_ID, COURSES_NAME, COURSES_DESCRIPTION) VALUES (104, 'Astronomy', 'is a natural science that studies celestial objects and phenomena');
INSERT INTO schoolSH.courses(COURSES_ID, COURSES_NAME, COURSES_DESCRIPTION) VALUES (105, 'History', 'is the continuous, systematic narrative and research into past human events as interpreted through historiographical paradigms or theories');
INSERT INTO schoolSH.courses(COURSES_ID, COURSES_NAME, COURSES_DESCRIPTION) VALUES (106, 'Anthropology', 'is the scientific study of humanity, concerned with human behavior, human biology, cultures, societies, and linguistics, in both the present and past, including past human species');
INSERT INTO schoolSH.courses(COURSES_ID, COURSES_NAME, COURSES_DESCRIPTION) VALUES (107, 'Geography', 'is a field of science devoted to the study of the lands, features, inhabitants, and phenomena of the Earth and planets');
INSERT INTO schoolSH.courses(COURSES_ID, COURSES_NAME, COURSES_DESCRIPTION) VALUES (108, 'Mathematics', 'is an area of knowledge that includes such topics as numbers, formulas and related structures');
INSERT INTO schoolSH.courses(COURSES_ID, COURSES_NAME, COURSES_DESCRIPTION) VALUES (109, 'Philosophy', ' is the study of general and fundamental questions, such as those about existence, reason, knowledge, values, mind, and language');
INSERT INTO schoolSH.courses(COURSES_ID, COURSES_NAME, COURSES_DESCRIPTION) VALUES (110, 'Linguistics', 'is the scientific study of human language');
